date,co2_Noaa,ch4,n2o,temp_anomaly,year,co2_Owid,methane,nitrous_oxide,temperature_change_from_ghg,solar_irradiance
1979-01-01,336.56,,,0.08,1979.0,19508.58984375,6825.82470703125,2098.113037109375,0.801422119140625,1362.1752
1979-02-01,337.29,,,-0.1,1979.0,19508.58984375,6825.82470703125,2098.113037109375,0.801422119140625,1362.1752
1979-03-01,337.88,,,0.19,1979.0,19508.58984375,6825.82470703125,2098.113037109375,0.801422119140625,1362.1752
1979-04-01,338.32,,,0.15,1979.0,19508.58984375,6825.82470703125,2098.113037109375,0.801422119140625,1362.1752
1979-05-01,338.26,,,0.03,1979.0,19508.58984375,6825.82470703125,2098.113037109375,0.801422119140625,1362.1752
1979-06-01,337.39,,,0.14,1979.0,19508.58984375,6825.82470703125,2098.113037109375,0.801422119140625,1362.1752
1979-07-01,335.57,,,0.04,1979.0,19508.58984375,6825.82470703125,2098.113037109375,0.801422119140625,1362.1752
1979-08-01,334.37,,,0.16,1979.0,19508.58984375,6825.82470703125,2098.113037109375,0.801422119140625,1362.1752
1979-09-01,335.02,,,0.25,1979.0,19508.58984375,6825.82470703125,2098.113037109375,0.801422119140625,1362.1752
1979-10-01,336.36,,,0.26,1979.0,19508.58984375,6825.82470703125,2098.113037109375,0.801422119140625,1362.1752
1979-11-01,337.36,,,0.28,1979.0,19508.58984375,6825.82470703125,2098.113037109375,0.801422119140625,1362.1752
1979-12-01,337.89,,,0.47,1979.0,19508.58984375,6825.82470703125,2098.113037109375,0.801422119140625,1362.1752
1980-01-01,338.57,,,0.29,1980.0,19409.79296875,6785.66748046875,2117.527099609375,0.8181444406509399,1362.2012
1980-02-01,339.26,,,0.39,1980.0,19409.79296875,6785.66748046875,2117.527099609375,0.8181444406509399,1362.2012
1980-03-01,339.6,,,0.29,1980.0,19409.79296875,6785.66748046875,2117.527099609375,0.8181444406509399,1362.2012
1980-04-01,340.0,,,0.3,1980.0,19409.79296875,6785.66748046875,2117.527099609375,0.8181444406509399,1362.2012
1980-05-01,340.44,,,0.35,1980.0,19409.79296875,6785.66748046875,2117.527099609375,0.8181444406509399,1362.2012
1980-06-01,339.99,,,0.2,1980.0,19409.79296875,6785.66748046875,2117.527099609375,0.8181444406509399,1362.2012
1980-07-01,338.44,,,0.22,1980.0,19409.79296875,6785.66748046875,2117.527099609375,0.8181444406509399,1362.2012
1980-08-01,337.22,,,0.18,1980.0,19409.79296875,6785.66748046875,2117.527099609375,0.8181444406509399,1362.2012
1980-09-01,337.05,,,0.2,1980.0,19409.79296875,6785.66748046875,2117.527099609375,0.8181444406509399,1362.2012
1980-10-01,337.82,,,0.13,1980.0,19409.79296875,6785.66748046875,2117.527099609375,0.8181444406509399,1362.2012
1980-11-01,338.93,,,0.29,1980.0,19409.79296875,6785.66748046875,2117.527099609375,0.8181444406509399,1362.2012
1980-12-01,339.64,,,0.21,1980.0,19409.79296875,6785.66748046875,2117.527099609375,0.8181444406509399,1362.2012
1981-01-01,340.18,,,0.53,1981.0,18879.755859375,6610.77978515625,2069.155029296875,0.8341100215911865,1362.2485
1981-02-01,340.75,,,0.42,1981.0,18879.755859375,6610.77978515625,2069.155029296875,0.8341100215911865,1362.2485
1981-03-01,341.38,,,0.48,1981.0,18879.755859375,6610.77978515625,2069.155029296875,0.8341100215911865,1362.2485
1981-04-01,341.68,,,0.32,1981.0,18879.755859375,6610.77978515625,2069.155029296875,0.8341100215911865,1362.2485
1981-05-01,341.43,,,0.24,1981.0,18879.755859375,6610.77978515625,2069.155029296875,0.8341100215911865,1362.2485
1981-06-01,340.63,,,0.29,1981.0,18879.755859375,6610.77978515625,2069.155029296875,0.8341100215911865,1362.2485
1981-07-01,339.23,,,0.32,1981.0,18879.755859375,6610.77978515625,2069.155029296875,0.8341100215911865,1362.2485
1981-08-01,338.08,,,0.35,1981.0,18879.755859375,6610.77978515625,2069.155029296875,0.8341100215911865,1362.2485
1981-09-01,337.97,,,0.14,1981.0,18879.755859375,6610.77978515625,2069.155029296875,0.8341100215911865,1362.2485
1981-10-01,339.07,,,0.12,1981.0,18879.755859375,6610.77978515625,2069.155029296875,0.8341100215911865,1362.2485
1981-11-01,340.17,,,0.23,1981.0,18879.755859375,6610.77978515625,2069.155029296875,0.8341100215911865,1362.2485
1981-12-01,340.74,,,0.41,1981.0,18879.755859375,6610.77978515625,2069.155029296875,0.8341100215911865,1362.2485
1982-01-01,341.36,,,0.04,1982.0,18729.7421875,6683.25146484375,2127.09765625,0.8499160408973694,1361.8069
1982-02-01,341.95,,,0.15,1982.0,18729.7421875,6683.25146484375,2127.09765625,0.8499160408973694,1361.8069
1982-03-01,342.23,,,0.03,1982.0,18729.7421875,6683.25146484375,2127.09765625,0.8499160408973694,1361.8069
1982-04-01,342.52,,,0.15,1982.0,18729.7421875,6683.25146484375,2127.09765625,0.8499160408973694,1361.8069
1982-05-01,342.37,,,0.18,1982.0,18729.7421875,6683.25146484375,2127.09765625,0.8499160408973694,1361.8069
1982-06-01,341.49,,,0.05,1982.0,18729.7421875,6683.25146484375,2127.09765625,0.8499160408973694,1361.8069
1982-07-01,339.75,,,0.14,1982.0,18729.7421875,6683.25146484375,2127.09765625,0.8499160408973694,1361.8069
1982-08-01,338.11,,,0.03,1982.0,18729.7421875,6683.25146484375,2127.09765625,0.8499160408973694,1361.8069
1982-09-01,338.16,,,0.13,1982.0,18729.7421875,6683.25146484375,2127.09765625,0.8499160408973694,1361.8069
1982-10-01,339.61,,,0.13,1982.0,18729.7421875,6683.25146484375,2127.09765625,0.8499160408973694,1361.8069
1982-11-01,340.95,,,0.17,1982.0,18729.7421875,6683.25146484375,2127.09765625,0.8499160408973694,1361.8069
1982-12-01,341.77,,,0.42,1982.0,18729.7421875,6683.25146484375,2127.09765625,0.8499160408973694,1361.8069
1983-01-01,342.37,,,0.53,1983.0,18901.775390625,6684.61572265625,2165.24853515625,0.8657286763191223,1361.8102
1983-02-01,342.74,,,0.43,1983.0,18901.775390625,6684.61572265625,2165.24853515625,0.8657286763191223,1361.8102
1983-03-01,343.04,,,0.41,1983.0,18901.775390625,6684.61572265625,2165.24853515625,0.8657286763191223,1361.8102
1983-04-01,343.51,,,0.27,1983.0,18901.775390625,6684.61572265625,2165.24853515625,0.8657286763191223,1361.8102
1983-05-01,343.84,,,0.34,1983.0,18901.775390625,6684.61572265625,2165.24853515625,0.8657286763191223,1361.8102
1983-06-01,343.5,,,0.22,1983.0,18901.775390625,6684.61572265625,2165.24853515625,0.8657286763191223,1361.8102
1983-07-01,342.14,1625.97,,0.18,1983.0,18901.775390625,6684.61572265625,2165.24853515625,0.8657286763191223,1361.8102
1983-08-01,340.62,1628.05,,0.35,1983.0,18901.775390625,6684.61572265625,2165.24853515625,0.8657286763191223,1361.8102
1983-09-01,340.53,1638.42,,0.37,1983.0,18901.775390625,6684.61572265625,2165.24853515625,0.8657286763191223,1361.8102
1983-10-01,341.75,1644.81,,0.17,1983.0,18901.775390625,6684.61572265625,2165.24853515625,0.8657286763191223,1361.8102
1983-11-01,342.83,1642.61,,0.3,1983.0,18901.775390625,6684.61572265625,2165.24853515625,0.8657286763191223,1361.8102
1983-12-01,343.49,1639.53,,0.16,1983.0,18901.775390625,6684.61572265625,2165.24853515625,0.8657286763191223,1361.8102
1984-01-01,344.32,1638.74,,0.31,1984.0,19457.25,6767.443359375,2177.69189453125,0.8820374608039856,1361.4021
1984-02-01,344.82,1638.82,,0.14,1984.0,19457.25,6767.443359375,2177.69189453125,0.8820374608039856,1361.4021
1984-03-01,344.96,1640.86,,0.26,1984.0,19457.25,6767.443359375,2177.69189453125,0.8820374608039856,1361.4021
1984-04-01,345.19,1643.97,,0.05,1984.0,19457.25,6767.443359375,2177.69189453125,0.8820374608039856,1361.4021
1984-05-01,345.33,1643.15,,0.33,1984.0,19457.25,6767.443359375,2177.69189453125,0.8820374608039856,1361.4021
1984-06-01,344.57,1639.74,,0.02,1984.0,19457.25,6767.443359375,2177.69189453125,0.8820374608039856,1361.4021
1984-07-01,343.2,1637.99,,0.19,1984.0,19457.25,6767.443359375,2177.69189453125,0.8820374608039856,1361.4021
1984-08-01,342.21,1641.69,,0.19,1984.0,19457.25,6767.443359375,2177.69189453125,0.8820374608039856,1361.4021
1984-09-01,342.13,1650.61,,0.21,1984.0,19457.25,6767.443359375,2177.69189453125,0.8820374608039856,1361.4021
1984-10-01,342.99,1654.6,,0.13,1984.0,19457.25,6767.443359375,2177.69189453125,0.8820374608039856,1361.4021
1984-11-01,344.16,1653.79,,0.06,1984.0,19457.25,6767.443359375,2177.69189453125,0.8820374608039856,1361.4021
1984-12-01,345.0,1656.19,,-0.05,1984.0,19457.25,6767.443359375,2177.69189453125,0.8820374608039856,1361.4021
1985-01-01,345.35,1655.6,,0.22,1985.0,20144.86328125,6857.224609375,2176.9140625,0.8987351655960083,1361.2557
1985-02-01,345.8,1652.25,,-0.04,1985.0,20144.86328125,6857.224609375,2176.9140625,0.8987351655960083,1361.2557
1985-03-01,346.64,1654.61,,0.17,1985.0,20144.86328125,6857.224609375,2176.9140625,0.8987351655960083,1361.2557
1985-04-01,346.94,1658.19,,0.12,1985.0,20144.86328125,6857.224609375,2176.9140625,0.8987351655960083,1361.2557
1985-05-01,346.78,1655.88,,0.14,1985.0,20144.86328125,6857.224609375,2176.9140625,0.8987351655960083,1361.2557
1985-06-01,346.26,1650.06,,0.15,1985.0,20144.86328125,6857.224609375,2176.9140625,0.8987351655960083,1361.2557
1985-07-01,344.92,1646.81,,0.04,1985.0,20144.86328125,6857.224609375,2176.9140625,0.8987351655960083,1361.2557
1985-08-01,343.41,1652.24,,0.16,1985.0,20144.86328125,6857.224609375,2176.9140625,0.8987351655960083,1361.2557
1985-09-01,343.37,1662.48,,0.13,1985.0,20144.86328125,6857.224609375,2176.9140625,0.8987351655960083,1361.2557
1985-10-01,344.64,1667.5,,0.11,1985.0,20144.86328125,6857.224609375,2176.9140625,0.8987351655960083,1361.2557
1985-11-01,345.79,1666.81,,0.05,1985.0,20144.86328125,6857.224609375,2176.9140625,0.8987351655960083,1361.2557
1985-12-01,346.55,1666.05,,0.13,1985.0,20144.86328125,6857.224609375,2176.9140625,0.8987351655960083,1361.2557
1986-01-01,347.11,1666.29,,0.26,1986.0,20438.044921875,6942.07958984375,2184.726318359375,0.9154128432273864,1361.2617
1986-02-01,347.34,1666.93,,0.37,1986.0,20438.044921875,6942.07958984375,2184.726318359375,0.9154128432273864,1361.2617
1986-03-01,347.71,1669.26,,0.3,1986.0,20438.044921875,6942.07958984375,2184.726318359375,0.9154128432273864,1361.2617
1986-04-01,348.22,1670.8,,0.22,1986.0,20438.044921875,6942.07958984375,2184.726318359375,0.9154128432273864,1361.2617
1986-05-01,348.32,1668.45,,0.21,1986.0,20438.044921875,6942.07958984375,2184.726318359375,0.9154128432273864,1361.2617
1986-06-01,347.76,1664.77,,0.12,1986.0,20438.044921875,6942.07958984375,2184.726318359375,0.9154128432273864,1361.2617
1986-07-01,346.29,1662.33,,0.11,1986.0,20438.044921875,6942.07958984375,2184.726318359375,0.9154128432273864,1361.2617
1986-08-01,344.92,1664.37,,0.15,1986.0,20438.044921875,6942.07958984375,2184.726318359375,0.9154128432273864,1361.2617
1986-09-01,344.86,1672.57,,0.03,1986.0,20438.044921875,6942.07958984375,2184.726318359375,0.9154128432273864,1361.2617
1986-10-01,346.03,1678.68,,0.15,1986.0,20438.044921875,6942.07958984375,2184.726318359375,0.9154128432273864,1361.2617
1986-11-01,347.3,1678.98,,0.1,1986.0,20438.044921875,6942.07958984375,2184.726318359375,0.9154128432273864,1361.2617
1986-12-01,347.76,1679.12,,0.13,1986.0,20438.044921875,6942.07958984375,2184.726318359375,0.9154128432273864,1361.2617
1987-01-01,348.01,1679.42,,0.31,1987.0,21106.189453125,7003.9501953125,2231.982666015625,0.9321579337120056,1361.3965
1987-02-01,348.57,1679.04,,0.43,1987.0,21106.189453125,7003.9501953125,2231.982666015625,0.9321579337120056,1361.3965
1987-03-01,349.29,1680.01,,0.18,1987.0,21106.189453125,7003.9501953125,2231.982666015625,0.9321579337120056,1361.3965
1987-04-01,349.98,1681.36,,0.24,1987.0,21106.189453125,7003.9501953125,2231.982666015625,0.9321579337120056,1361.3965
1987-05-01,350.26,1681.86,,0.25,1987.0,21106.189453125,7003.9501953125,2231.982666015625,0.9321579337120056,1361.3965
1987-06-01,349.46,1679.98,,0.35,1987.0,21106.189453125,7003.9501953125,2231.982666015625,0.9321579337120056,1361.3965
1987-07-01,347.84,1675.98,,0.4,1987.0,21106.189453125,7003.9501953125,2231.982666015625,0.9321579337120056,1361.3965
1987-08-01,346.61,1677.19,,0.24,1987.0,21106.189453125,7003.9501953125,2231.982666015625,0.9321579337120056,1361.3965
1987-09-01,346.7,1685.58,,0.35,1987.0,21106.189453125,7003.9501953125,2231.982666015625,0.9321579337120056,1361.3965
1987-10-01,347.97,1691.55,,0.32,1987.0,21106.189453125,7003.9501953125,2231.982666015625,0.9321579337120056,1361.3965
1987-11-01,349.25,1691.19,,0.29,1987.0,21106.189453125,7003.9501953125,2231.982666015625,0.9321579337120056,1361.3965
1987-12-01,350.21,1690.51,,0.46,1987.0,21106.189453125,7003.9501953125,2231.982666015625,0.9321579337120056,1361.3965
1988-01-01,350.92,1691.98,,0.56,1988.0,21918.755859375,7115.8515625,2229.20703125,0.9491530656814576,1361.7025
1988-02-01,351.47,1692.54,,0.44,1988.0,21918.755859375,7115.8515625,2229.20703125,0.9491530656814576,1361.7025
1988-03-01,351.85,1691.29,,0.51,1988.0,21918.755859375,7115.8515625,2229.20703125,0.9491530656814576,1361.7025
1988-04-01,352.3,1690.06,,0.42,1988.0,21918.755859375,7115.8515625,2229.20703125,0.9491530656814576,1361.7025
1988-05-01,352.46,1689.1,,0.44,1988.0,21918.755859375,7115.8515625,2229.20703125,0.9491530656814576,1361.7025
1988-06-01,351.76,1687.19,,0.4,1988.0,21918.755859375,7115.8515625,2229.20703125,0.9491530656814576,1361.7025
1988-07-01,350.27,1686.02,,0.33,1988.0,21918.755859375,7115.8515625,2229.20703125,0.9491530656814576,1361.7025
1988-08-01,349.09,1689.44,,0.39,1988.0,21918.755859375,7115.8515625,2229.20703125,0.9491530656814576,1361.7025
1988-09-01,349.27,1696.11,,0.37,1988.0,21918.755859375,7115.8515625,2229.20703125,0.9491530656814576,1361.7025
1988-10-01,350.44,1701.14,,0.37,1988.0,21918.755859375,7115.8515625,2229.20703125,0.9491530656814576,1361.7025
1988-11-01,351.62,1702.84,,0.12,1988.0,21918.755859375,7115.8515625,2229.20703125,0.9491530656814576,1361.7025
1988-12-01,352.47,1701.9,,0.29,1988.0,21918.755859375,7115.8515625,2229.20703125,0.9491530656814576,1361.7025
1989-01-01,353.01,1700.55,,0.12,1989.0,22200.212890625,7274.31640625,2249.943603515625,0.9661694765090942,1362.2012
1989-02-01,353.47,1701.12,,0.29,1989.0,22200.212890625,7274.31640625,2249.943603515625,0.9661694765090942,1362.2012
1989-03-01,354.01,1702.49,,0.36,1989.0,22200.212890625,7274.31640625,2249.943603515625,0.9661694765090942,1362.2012
1989-04-01,354.38,1703.58,,0.29,1989.0,22200.212890625,7274.31640625,2249.943603515625,0.9661694765090942,1362.2012
1989-05-01,354.19,1703.36,,0.17,1989.0,22200.212890625,7274.31640625,2249.943603515625,0.9661694765090942,1362.2012
1989-06-01,353.27,1700.21,,0.15,1989.0,22200.212890625,7274.31640625,2249.943603515625,0.9661694765090942,1362.2012
1989-07-01,351.57,1698.2,,0.34,1989.0,22200.212890625,7274.31640625,2249.943603515625,0.9661694765090942,1362.2012
1989-08-01,350.22,1701.97,,0.33,1989.0,22200.212890625,7274.31640625,2249.943603515625,0.9661694765090942,1362.2012
1989-09-01,350.57,1707.17,,0.34,1989.0,22200.212890625,7274.31640625,2249.943603515625,0.9661694765090942,1362.2012
1989-10-01,351.86,1710.53,,0.29,1989.0,22200.212890625,7274.31640625,2249.943603515625,0.9661694765090942,1362.2012
1989-11-01,353.04,1713.11,,0.19,1989.0,22200.212890625,7274.31640625,2249.943603515625,0.9661694765090942,1362.2012
1989-12-01,353.91,1713.22,,0.37,1989.0,22200.212890625,7274.31640625,2249.943603515625,0.9661694765090942,1362.2012
1990-01-01,354.48,1712.14,,0.41,1990.0,22732.14453125,7320.9853515625,2266.201904296875,0.9831753373146056,1362.12
1990-02-01,354.88,1713.51,,0.43,1990.0,22732.14453125,7320.9853515625,2266.201904296875,0.9831753373146056,1362.12
1990-03-01,355.2,1714.36,,0.8,1990.0,22732.14453125,7320.9853515625,2266.201904296875,0.9831753373146056,1362.12
1990-04-01,355.51,1712.53,,0.56,1990.0,22732.14453125,7320.9853515625,2266.201904296875,0.9831753373146056,1362.12
1990-05-01,355.41,1710.65,,0.45,1990.0,22732.14453125,7320.9853515625,2266.201904296875,0.9831753373146056,1362.12
1990-06-01,354.33,1708.45,,0.37,1990.0,22732.14453125,7320.9853515625,2266.201904296875,0.9831753373146056,1362.12
1990-07-01,352.71,1706.57,,0.46,1990.0,22732.14453125,7320.9853515625,2266.201904296875,0.9831753373146056,1362.12
1990-08-01,351.58,1710.23,,0.34,1990.0,22732.14453125,7320.9853515625,2266.201904296875,0.9831753373146056,1362.12
1990-09-01,351.79,1717.58,,0.23,1990.0,22732.14453125,7320.9853515625,2266.201904296875,0.9831753373146056,1362.12
1990-10-01,353.19,1722.02,,0.44,1990.0,22732.14453125,7320.9853515625,2266.201904296875,0.9831753373146056,1362.12
1990-11-01,354.45,1723.47,,0.46,1990.0,22732.14453125,7320.9853515625,2266.201904296875,0.9831753373146056,1362.12
1990-12-01,355.19,1723.3,,0.4,1990.0,22732.14453125,7320.9853515625,2266.201904296875,0.9831753373146056,1362.12
1991-01-01,355.76,1721.66,,0.42,1991.0,23205.591796875,7265.9091796875,2263.283447265625,1.0001977682113647,1362.0125
1991-02-01,356.19,1721.31,,0.5,1991.0,23205.591796875,7265.9091796875,2263.283447265625,1.0001977682113647,1362.0125
1991-03-01,356.69,1722.09,,0.35,1991.0,23205.591796875,7265.9091796875,2263.283447265625,1.0001977682113647,1362.0125
1991-04-01,357.19,1722.44,,0.51,1991.0,23205.591796875,7265.9091796875,2263.283447265625,1.0001977682113647,1362.0125
1991-05-01,357.11,1722.12,,0.34,1991.0,23205.591796875,7265.9091796875,2263.283447265625,1.0001977682113647,1362.0125
1991-06-01,356.18,1718.87,,0.53,1991.0,23205.591796875,7265.9091796875,2263.283447265625,1.0001977682113647,1362.0125
1991-07-01,354.53,1715.96,,0.47,1991.0,23205.591796875,7265.9091796875,2263.283447265625,1.0001977682113647,1362.0125
1991-08-01,353.06,1719.15,,0.39,1991.0,23205.591796875,7265.9091796875,2263.283447265625,1.0001977682113647,1362.0125
1991-09-01,352.93,1726.06,,0.44,1991.0,23205.591796875,7265.9091796875,2263.283447265625,1.0001977682113647,1362.0125
1991-10-01,354.01,1732.7,,0.29,1991.0,23205.591796875,7265.9091796875,2263.283447265625,1.0001977682113647,1362.0125
1991-11-01,355.16,1737.45,,0.29,1991.0,23205.591796875,7265.9091796875,2263.283447265625,1.0001977682113647,1362.0125
1991-12-01,355.95,1739.54,,0.32,1991.0,23205.591796875,7265.9091796875,2263.283447265625,1.0001977682113647,1362.0125
1992-01-01,356.54,1738.92,,0.47,1992.0,22520.423828125,7268.78955078125,2271.714111328125,1.0167864561080933,1361.8813
1992-02-01,356.89,1737.32,,0.4,1992.0,22520.423828125,7268.78955078125,2271.714111328125,1.0167864561080933,1361.8813
1992-03-01,357.27,1736.79,,0.48,1992.0,22520.423828125,7268.78955078125,2271.714111328125,1.0167864561080933,1361.8813
1992-04-01,357.76,1736.65,,0.27,1992.0,22520.423828125,7268.78955078125,2271.714111328125,1.0167864561080933,1361.8813
1992-05-01,357.83,1735.05,,0.31,1992.0,22520.423828125,7268.78955078125,2271.714111328125,1.0167864561080933,1361.8813
1992-06-01,356.87,1731.58,,0.25,1992.0,22520.423828125,7268.78955078125,2271.714111328125,1.0167864561080933,1361.8813
1992-07-01,355.19,1728.8,,0.09,1992.0,22520.423828125,7268.78955078125,2271.714111328125,1.0167864561080933,1361.8813
1992-08-01,353.66,1730.33,,0.08,1992.0,22520.423828125,7268.78955078125,2271.714111328125,1.0167864561080933,1361.8813
1992-09-01,353.58,1734.59,,-0.01,1992.0,22520.423828125,7268.78955078125,2271.714111328125,1.0167864561080933,1361.8813
1992-10-01,354.81,1737.68,,0.06,1992.0,22520.423828125,7268.78955078125,2271.714111328125,1.0167864561080933,1361.8813
1992-11-01,355.99,1739.23,,0.02,1992.0,22520.423828125,7268.78955078125,2271.714111328125,1.0167864561080933,1361.8813
1992-12-01,356.74,1738.51,,0.21,1992.0,22520.423828125,7268.78955078125,2271.714111328125,1.0167864561080933,1361.8813
1993-01-01,357.2,1735.77,,0.34,1993.0,22749.873046875,7261.67431640625,2256.919921875,1.0330430269241333,1361.6144
1993-02-01,357.54,1734.37,,0.37,1993.0,22749.873046875,7261.67431640625,2256.919921875,1.0330430269241333,1361.6144
1993-03-01,357.94,1735.38,,0.36,1993.0,22749.873046875,7261.67431640625,2256.919921875,1.0330430269241333,1361.6144
1993-04-01,358.41,1736.59,,0.27,1993.0,22749.873046875,7261.67431640625,2256.919921875,1.0330430269241333,1361.6144
1993-05-01,358.38,1735.0,,0.28,1993.0,22749.873046875,7261.67431640625,2256.919921875,1.0330430269241333,1361.6144
1993-06-01,357.34,1730.88,,0.22,1993.0,22749.873046875,7261.67431640625,2256.919921875,1.0330430269241333,1361.6144
1993-07-01,355.7,1728.01,,0.25,1993.0,22749.873046875,7261.67431640625,2256.919921875,1.0330430269241333,1361.6144
1993-08-01,354.41,1731.14,,0.11,1993.0,22749.873046875,7261.67431640625,2256.919921875,1.0330430269241333,1361.6144
1993-09-01,354.47,1738.44,,0.11,1993.0,22749.873046875,7261.67431640625,2256.919921875,1.0330430269241333,1361.6144
1993-10-01,355.72,1743.38,,0.23,1993.0,22749.873046875,7261.67431640625,2256.919921875,1.0330430269241333,1361.6144
1993-11-01,356.96,1745.22,,0.03,1993.0,22749.873046875,7261.67431640625,2256.919921875,1.0330430269241333,1361.6144
1993-12-01,357.87,1744.27,,0.18,1993.0,22749.873046875,7261.67431640625,2256.919921875,1.0330430269241333,1361.6144
1994-01-01,358.48,1741.38,,0.26,1994.0,22974.59765625,7336.2958984375,2286.922607421875,1.0499416589736938,1361.3958
1994-02-01,359.0,1740.84,,0.02,1994.0,22974.59765625,7336.2958984375,2286.922607421875,1.0499416589736938,1361.3958
1994-03-01,359.36,1741.95,,0.29,1994.0,22974.59765625,7336.2958984375,2286.922607421875,1.0499416589736938,1361.3958
1994-04-01,359.71,1741.99,,0.41,1994.0,22974.59765625,7336.2958984375,2286.922607421875,1.0499416589736938,1361.3958
1994-05-01,359.74,1740.73,,0.28,1994.0,22974.59765625,7336.2958984375,2286.922607421875,1.0499416589736938,1361.3958
1994-06-01,358.8,1736.89,,0.43,1994.0,22974.59765625,7336.2958984375,2286.922607421875,1.0499416589736938,1361.3958
1994-07-01,357.27,1732.29,,0.3,1994.0,22974.59765625,7336.2958984375,2286.922607421875,1.0499416589736938,1361.3958
1994-08-01,356.06,1734.04,,0.21,1994.0,22974.59765625,7336.2958984375,2286.922607421875,1.0499416589736938,1361.3958
1994-09-01,356.02,1742.94,,0.31,1994.0,22974.59765625,7336.2958984375,2286.922607421875,1.0499416589736938,1361.3958
1994-10-01,357.27,1749.79,,0.42,1994.0,22974.59765625,7336.2958984375,2286.922607421875,1.0499416589736938,1361.3958
1994-11-01,358.69,1751.28,,0.44,1994.0,22974.59765625,7336.2958984375,2286.922607421875,1.0499416589736938,1361.3958
1994-12-01,359.54,1751.65,,0.38,1994.0,22974.59765625,7336.2958984375,2286.922607421875,1.0499416589736938,1361.3958
1995-01-01,360.12,1751.14,,0.52,1995.0,23516.638671875,7426.24609375,2342.963134765625,1.066941499710083,1361.3113
1995-02-01,360.61,1749.5,,0.79,1995.0,23516.638671875,7426.24609375,2342.963134765625,1.066941499710083,1361.3113
1995-03-01,361.08,1748.99,,0.46,1995.0,23516.638671875,7426.24609375,2342.963134765625,1.066941499710083,1361.3113
1995-04-01,361.55,1749.42,,0.46,1995.0,23516.638671875,7426.24609375,2342.963134765625,1.066941499710083,1361.3113
1995-05-01,361.46,1747.65,,0.27,1995.0,23516.638671875,7426.24609375,2342.963134765625,1.066941499710083,1361.3113
1995-06-01,360.61,1742.83,,0.43,1995.0,23516.638671875,7426.24609375,2342.963134765625,1.066941499710083,1361.3113
1995-07-01,359.02,1740.17,,0.45,1995.0,23516.638671875,7426.24609375,2342.963134765625,1.066941499710083,1361.3113
1995-08-01,357.77,1743.59,,0.45,1995.0,23516.638671875,7426.24609375,2342.963134765625,1.066941499710083,1361.3113
1995-09-01,358.07,1749.77,,0.33,1995.0,23516.638671875,7426.24609375,2342.963134765625,1.066941499710083,1361.3113
1995-10-01,359.42,1754.35,,0.46,1995.0,23516.638671875,7426.24609375,2342.963134765625,1.066941499710083,1361.3113
1995-11-01,360.76,1755.51,,0.44,1995.0,23516.638671875,7426.24609375,2342.963134765625,1.066941499710083,1361.3113
1995-12-01,361.65,1753.85,,0.26,1995.0,23516.638671875,7426.24609375,2342.963134765625,1.066941499710083,1361.3113
1996-01-01,362.14,1752.24,,0.24,1996.0,24233.4765625,7512.80810546875,2393.537109375,1.0843738317489624,1361.2351
1996-02-01,362.5,1752.74,,0.46,1996.0,24233.4765625,7512.80810546875,2393.537109375,1.0843738317489624,1361.2351
1996-03-01,362.82,1752.23,,0.32,1996.0,24233.4765625,7512.80810546875,2393.537109375,1.0843738317489624,1361.2351
1996-04-01,363.14,1749.62,,0.33,1996.0,24233.4765625,7512.80810546875,2393.537109375,1.0843738317489624,1361.2351
1996-05-01,363.29,1748.3,,0.27,1996.0,24233.4765625,7512.80810546875,2393.537109375,1.0843738317489624,1361.2351
1996-06-01,362.88,1746.04,,0.25,1996.0,24233.4765625,7512.80810546875,2393.537109375,1.0843738317489624,1361.2351
1996-07-01,361.57,1742.07,,0.36,1996.0,24233.4765625,7512.80810546875,2393.537109375,1.0843738317489624,1361.2351
1996-08-01,360.07,1744.29,,0.48,1996.0,24233.4765625,7512.80810546875,2393.537109375,1.0843738317489624,1361.2351
1996-09-01,359.7,1752.62,,0.25,1996.0,24233.4765625,7512.80810546875,2393.537109375,1.0843738317489624,1361.2351
1996-10-01,360.67,1758.91,,0.22,1996.0,24233.4765625,7512.80810546875,2393.537109375,1.0843738317489624,1361.2351
1996-11-01,361.78,1760.1,,0.41,1996.0,24233.4765625,7512.80810546875,2393.537109375,1.0843738317489624,1361.2351
1996-12-01,362.63,1756.96,,0.37,1996.0,24233.4765625,7512.80810546875,2393.537109375,1.0843738317489624,1361.2351
1997-01-01,363.27,1753.4,,0.32,1997.0,24380.322265625,7485.22998046875,2350.1416015625,1.1022895574569702,1361.3572
1997-02-01,363.62,1753.86,,0.4,1997.0,24380.322265625,7485.22998046875,2350.1416015625,1.1022895574569702,1361.3572
1997-03-01,364.02,1755.67,,0.52,1997.0,24380.322265625,7485.22998046875,2350.1416015625,1.1022895574569702,1361.3572
1997-04-01,364.5,1755.53,,0.33,1997.0,24380.322265625,7485.22998046875,2350.1416015625,1.1022895574569702,1361.3572
1997-05-01,364.5,1753.81,,0.34,1997.0,24380.322265625,7485.22998046875,2350.1416015625,1.1022895574569702,1361.3572
1997-06-01,363.59,1750.08,,0.54,1997.0,24380.322265625,7485.22998046875,2350.1416015625,1.1022895574569702,1361.3572
1997-07-01,361.94,1746.05,,0.33,1997.0,24380.322265625,7485.22998046875,2350.1416015625,1.1022895574569702,1361.3572
1997-08-01,360.42,1747.75,,0.41,1997.0,24380.322265625,7485.22998046875,2350.1416015625,1.1022895574569702,1361.3572
1997-09-01,360.41,1754.97,,0.52,1997.0,24380.322265625,7485.22998046875,2350.1416015625,1.1022895574569702,1361.3572
1997-10-01,361.94,1760.29,,0.61,1997.0,24380.322265625,7485.22998046875,2350.1416015625,1.1022895574569702,1361.3572
1997-11-01,363.62,1761.71,,0.64,1997.0,24380.322265625,7485.22998046875,2350.1416015625,1.1022895574569702,1361.3572
1997-12-01,364.69,1761.89,,0.59,1997.0,24380.322265625,7485.22998046875,2350.1416015625,1.1022895574569702,1361.3572
1998-01-01,365.19,1761.47,,0.58,1998.0,24295.712890625,7419.23291015625,2378.56591796875,1.1194171905517578,1361.7025
1998-02-01,365.47,1761.48,,0.88,1998.0,24295.712890625,7419.23291015625,2378.56591796875,1.1194171905517578,1361.7025
1998-03-01,365.93,1762.96,,0.63,1998.0,24295.712890625,7419.23291015625,2378.56591796875,1.1194171905517578,1361.7025
1998-04-01,366.58,1764.71,,0.63,1998.0,24295.712890625,7419.23291015625,2378.56591796875,1.1194171905517578,1361.7025
1998-05-01,366.86,1764.25,,0.68,1998.0,24295.712890625,7419.23291015625,2378.56591796875,1.1194171905517578,1361.7025
1998-06-01,366.26,1760.33,,0.77,1998.0,24295.712890625,7419.23291015625,2378.56591796875,1.1194171905517578,1361.7025
1998-07-01,364.83,1756.16,,0.66,1998.0,24295.712890625,7419.23291015625,2378.56591796875,1.1194171905517578,1361.7025
1998-08-01,363.79,1760.19,,0.65,1998.0,24295.712890625,7419.23291015625,2378.56591796875,1.1194171905517578,1361.7025
1998-09-01,364.03,1770.66,,0.42,1998.0,24295.712890625,7419.23291015625,2378.56591796875,1.1194171905517578,1361.7025
1998-10-01,365.34,1776.24,,0.42,1998.0,24295.712890625,7419.23291015625,2378.56591796875,1.1194171905517578,1361.7025
1998-11-01,366.6,1775.51,,0.43,1998.0,24295.712890625,7419.23291015625,2378.56591796875,1.1194171905517578,1361.7025
1998-12-01,367.47,1774.06,,0.54,1998.0,24295.712890625,7419.23291015625,2378.56591796875,1.1194171905517578,1361.7025
1999-01-01,368.11,1773.79,,0.48,1999.0,24837.771484375,7436.0380859375,2398.701416015625,1.1363952159881592,1361.9731
1999-02-01,368.51,1773.89,,0.64,1999.0,24837.771484375,7436.0380859375,2398.701416015625,1.1363952159881592,1361.9731
1999-03-01,368.9,1774.57,,0.32,1999.0,24837.771484375,7436.0380859375,2398.701416015625,1.1363952159881592,1361.9731
1999-04-01,369.29,1774.95,,0.31,1999.0,24837.771484375,7436.0380859375,2398.701416015625,1.1363952159881592,1361.9731
1999-05-01,369.21,1772.65,,0.26,1999.0,24837.771484375,7436.0380859375,2398.701416015625,1.1363952159881592,1361.9731
1999-06-01,368.36,1767.33,,0.36,1999.0,24837.771484375,7436.0380859375,2398.701416015625,1.1363952159881592,1361.9731
1999-07-01,366.69,1762.94,,0.38,1999.0,24837.771484375,7436.0380859375,2398.701416015625,1.1363952159881592,1361.9731
1999-08-01,365.33,1764.63,,0.31,1999.0,24837.771484375,7436.0380859375,2398.701416015625,1.1363952159881592,1361.9731
1999-09-01,365.44,1771.02,,0.38,1999.0,24837.771484375,7436.0380859375,2398.701416015625,1.1363952159881592,1361.9731
1999-10-01,366.75,1776.61,,0.34,1999.0,24837.771484375,7436.0380859375,2398.701416015625,1.1363952159881592,1361.9731
1999-11-01,368.04,1778.53,,0.37,1999.0,24837.771484375,7436.0380859375,2398.701416015625,1.1363952159881592,1361.9731
1999-12-01,368.88,1777.23,,0.4,1999.0,24837.771484375,7436.0380859375,2398.701416015625,1.1363952159881592,1361.9731
2000-01-01,369.39,1775.54,,0.25,2000.0,25511.482421875,7544.74072265625,2390.2509765625,1.153777241706848,1362.2537
2000-02-01,369.65,1775.45,,0.55,2000.0,25511.482421875,7544.74072265625,2390.2509765625,1.153777241706848,1362.2537
2000-03-01,369.97,1776.49,,0.55,2000.0,25511.482421875,7544.74072265625,2390.2509765625,1.153777241706848,1362.2537
2000-04-01,370.35,1777.21,,0.56,2000.0,25511.482421875,7544.74072265625,2390.2509765625,1.153777241706848,1362.2537
2000-05-01,370.24,1774.57,,0.35,2000.0,25511.482421875,7544.74072265625,2390.2509765625,1.153777241706848,1362.2537
2000-06-01,369.31,1768.13,,0.4,2000.0,25511.482421875,7544.74072265625,2390.2509765625,1.153777241706848,1362.2537
2000-07-01,367.91,1763.46,,0.39,2000.0,25511.482421875,7544.74072265625,2390.2509765625,1.153777241706848,1362.2537
2000-08-01,366.76,1765.44,,0.42,2000.0,25511.482421875,7544.74072265625,2390.2509765625,1.153777241706848,1362.2537
2000-09-01,366.71,1772.03,,0.38,2000.0,25511.482421875,7544.74072265625,2390.2509765625,1.153777241706848,1362.2537
2000-10-01,367.91,1777.1,,0.26,2000.0,25511.482421875,7544.74072265625,2390.2509765625,1.153777241706848,1362.2537
2000-11-01,369.28,1777.72,,0.3,2000.0,25511.482421875,7544.74072265625,2390.2509765625,1.153777241706848,1362.2537
2000-12-01,370.1,1775.3,,0.27,2000.0,25511.482421875,7544.74072265625,2390.2509765625,1.153777241706848,1362.2537
2001-01-01,370.69,1772.87,316.3,0.45,2001.0,25692.994140625,7523.76220703125,2385.422607421875,1.171218752861023,1362.0814
2001-02-01,371.18,1772.52,316.31,0.43,2001.0,25692.994140625,7523.76220703125,2385.422607421875,1.171218752861023,1362.0814
2001-03-01,371.58,1773.65,316.21,0.55,2001.0,25692.994140625,7523.76220703125,2385.422607421875,1.171218752861023,1362.0814
2001-04-01,371.9,1773.87,316.12,0.5,2001.0,25692.994140625,7523.76220703125,2385.422607421875,1.171218752861023,1362.0814
2001-05-01,371.76,1770.88,316.11,0.57,2001.0,25692.994140625,7523.76220703125,2385.422607421875,1.171218752861023,1362.0814
2001-06-01,370.83,1766.1,316.16,0.52,2001.0,25692.994140625,7523.76220703125,2385.422607421875,1.171218752861023,1362.0814
2001-07-01,369.45,1763.02,316.23,0.59,2001.0,25692.994140625,7523.76220703125,2385.422607421875,1.171218752861023,1362.0814
2001-08-01,368.31,1764.51,316.3,0.48,2001.0,25692.994140625,7523.76220703125,2385.422607421875,1.171218752861023,1362.0814
2001-09-01,368.36,1770.44,316.41,0.51,2001.0,25692.994140625,7523.76220703125,2385.422607421875,1.171218752861023,1362.0814
2001-10-01,369.71,1775.49,316.59,0.49,2001.0,25692.994140625,7523.76220703125,2385.422607421875,1.171218752861023,1362.0814
2001-11-01,371.06,1776.58,316.76,0.72,2001.0,25692.994140625,7523.76220703125,2385.422607421875,1.171218752861023,1362.0814
2001-12-01,371.98,1775.92,316.87,0.55,2001.0,25692.994140625,7523.76220703125,2385.422607421875,1.171218752861023,1362.0814
2002-01-01,372.51,1774.12,316.93,0.76,2002.0,26265.33203125,7480.67724609375,2402.93212890625,1.1889774799346924,1362.1906
2002-02-01,372.91,1772.86,316.97,0.78,2002.0,26265.33203125,7480.67724609375,2402.93212890625,1.1889774799346924,1362.1906
2002-03-01,373.38,1773.41,316.96,0.88,2002.0,26265.33203125,7480.67724609375,2402.93212890625,1.1889774799346924,1362.1906
2002-04-01,373.73,1772.74,316.9,0.57,2002.0,26265.33203125,7480.67724609375,2402.93212890625,1.1889774799346924,1362.1906
2002-05-01,373.71,1770.28,316.85,0.64,2002.0,26265.33203125,7480.67724609375,2402.93212890625,1.1889774799346924,1362.1906
2002-06-01,372.84,1766.89,316.83,0.53,2002.0,26265.33203125,7480.67724609375,2402.93212890625,1.1889774799346924,1362.1906
2002-07-01,371.41,1764.26,316.82,0.61,2002.0,26265.33203125,7480.67724609375,2402.93212890625,1.1889774799346924,1362.1906
2002-08-01,370.35,1766.98,316.82,0.53,2002.0,26265.33203125,7480.67724609375,2402.93212890625,1.1889774799346924,1362.1906
2002-09-01,370.67,1773.76,316.87,0.63,2002.0,26265.33203125,7480.67724609375,2402.93212890625,1.1889774799346924,1362.1906
2002-10-01,371.95,1778.26,316.99,0.54,2002.0,26265.33203125,7480.67724609375,2402.93212890625,1.1889774799346924,1362.1906
2002-11-01,373.28,1779.49,317.13,0.59,2002.0,26265.33203125,7480.67724609375,2402.93212890625,1.1889774799346924,1362.1906
2002-12-01,374.26,1779.64,317.24,0.44,2002.0,26265.33203125,7480.67724609375,2402.93212890625,1.1889774799346924,1362.1906
2003-01-01,374.94,1777.54,317.29,0.74,2003.0,27652.69140625,7668.74658203125,2419.463134765625,1.208285212516785,1361.6907
2003-02-01,375.47,1774.83,317.34,0.58,2003.0,27652.69140625,7668.74658203125,2419.463134765625,1.208285212516785,1361.6907
2003-03-01,375.91,1774.84,317.41,0.6,2003.0,27652.69140625,7668.74658203125,2419.463134765625,1.208285212516785,1361.6907
2003-04-01,376.39,1775.8,317.48,0.55,2003.0,27652.69140625,7668.74658203125,2419.463134765625,1.208285212516785,1361.6907
2003-05-01,376.54,1774.45,317.51,0.6,2003.0,27652.69140625,7668.74658203125,2419.463134765625,1.208285212516785,1361.6907
2003-06-01,375.71,1771.68,317.53,0.47,2003.0,27652.69140625,7668.74658203125,2419.463134765625,1.208285212516785,1361.6907
2003-07-01,374.17,1770.71,317.56,0.58,2003.0,27652.69140625,7668.74658203125,2419.463134765625,1.208285212516785,1361.6907
2003-08-01,372.94,1774.3,317.63,0.64,2003.0,27652.69140625,7668.74658203125,2419.463134765625,1.208285212516785,1361.6907
2003-09-01,373.09,1780.55,317.77,0.62,2003.0,27652.69140625,7668.74658203125,2419.463134765625,1.208285212516785,1361.6907
2003-10-01,374.36,1784.69,317.93,0.72,2003.0,27652.69140625,7668.74658203125,2419.463134765625,1.208285212516785,1361.6907
2003-11-01,375.65,1785.28,318.04,0.52,2003.0,27652.69140625,7668.74658203125,2419.463134765625,1.208285212516785,1361.6907
2003-12-01,376.52,1783.56,318.11,0.74,2003.0,27652.69140625,7668.74658203125,2419.463134765625,1.208285212516785,1361.6907
2004-01-01,377.21,1780.74,318.18,0.57,2004.0,28610.0234375,7809.0361328125,2487.872802734375,1.227753758430481,1361.4706
2004-02-01,377.72,1779.68,318.2,0.72,2004.0,28610.0234375,7809.0361328125,2487.872802734375,1.227753758430481,1361.4706
2004-03-01,378.15,1780.93,318.16,0.63,2004.0,28610.0234375,7809.0361328125,2487.872802734375,1.227753758430481,1361.4706
2004-04-01,378.48,1780.88,318.14,0.6,2004.0,28610.0234375,7809.0361328125,2487.872802734375,1.227753758430481,1361.4706
2004-05-01,378.41,1777.74,318.14,0.36,2004.0,28610.0234375,7809.0361328125,2487.872802734375,1.227753758430481,1361.4706
2004-06-01,377.51,1772.43,318.13,0.43,2004.0,28610.0234375,7809.0361328125,2487.872802734375,1.227753758430481,1361.4706
2004-07-01,375.94,1768.17,318.14,0.25,2004.0,28610.0234375,7809.0361328125,2487.872802734375,1.227753758430481,1361.4706
2004-08-01,374.47,1769.97,318.17,0.44,2004.0,28610.0234375,7809.0361328125,2487.872802734375,1.227753758430481,1361.4706
2004-09-01,374.38,1775.87,318.22,0.5,2004.0,28610.0234375,7809.0361328125,2487.872802734375,1.227753758430481,1361.4706
2004-10-01,375.72,1780.08,318.34,0.6,2004.0,28610.0234375,7809.0361328125,2487.872802734375,1.227753758430481,1361.4706
2004-11-01,377.2,1780.53,318.56,0.72,2004.0,28610.0234375,7809.0361328125,2487.872802734375,1.227753758430481,1361.4706
2004-12-01,378.17,1778.17,318.77,0.5,2004.0,28610.0234375,7809.0361328125,2487.872802734375,1.227753758430481,1361.4706
2005-01-01,378.73,1776.13,318.87,0.75,2005.0,29598.951171875,7929.64794921875,2510.2919921875,1.2475059032440186,1361.2625
2005-02-01,379.26,1775.76,318.89,0.59,2005.0,29598.951171875,7929.64794921875,2510.2919921875,1.2475059032440186,1361.2625
2005-03-01,379.86,1775.58,318.86,0.74,2005.0,29598.951171875,7929.64794921875,2510.2919921875,1.2475059032440186,1361.2625
2005-04-01,380.32,1774.79,318.78,0.66,2005.0,29598.951171875,7929.64794921875,2510.2919921875,1.2475059032440186,1361.2625
2005-05-01,380.42,1772.51,318.66,0.62,2005.0,29598.951171875,7929.64794921875,2510.2919921875,1.2475059032440186,1361.2625
2005-06-01,379.6,1768.81,318.59,0.64,2005.0,29598.951171875,7929.64794921875,2510.2919921875,1.2475059032440186,1361.2625
2005-07-01,377.94,1766.41,318.65,0.61,2005.0,29598.951171875,7929.64794921875,2510.2919921875,1.2475059032440186,1361.2625
2005-08-01,376.73,1768.16,318.77,0.6,2005.0,29598.951171875,7929.64794921875,2510.2919921875,1.2475059032440186,1361.2625
2005-09-01,376.76,1773.24,318.9,0.71,2005.0,29598.951171875,7929.64794921875,2510.2919921875,1.2475059032440186,1361.2625
2005-10-01,378.07,1778.59,319.11,0.76,2005.0,29598.951171875,7929.64794921875,2510.2919921875,1.2475059032440186,1361.2625
2005-11-01,379.53,1781.25,319.36,0.74,2005.0,29598.951171875,7929.64794921875,2510.2919921875,1.2475059032440186,1361.2625
2005-12-01,380.52,1780.26,319.58,0.67,2005.0,29598.951171875,7929.64794921875,2510.2919921875,1.2475059032440186,1361.2625
2006-01-01,381.35,1779.53,319.73,0.56,2006.0,30594.15234375,8057.69287109375,2546.306396484375,1.267844319343567,1361.2358
2006-02-01,381.97,1779.48,319.81,0.73,2006.0,30594.15234375,8057.69287109375,2546.306396484375,1.267844319343567,1361.2358
2006-03-01,382.36,1777.39,319.77,0.63,2006.0,30594.15234375,8057.69287109375,2546.306396484375,1.267844319343567,1361.2358
2006-04-01,382.69,1776.12,319.7,0.46,2006.0,30594.15234375,8057.69287109375,2546.306396484375,1.267844319343567,1361.2358
2006-05-01,382.64,1774.91,319.69,0.48,2006.0,30594.15234375,8057.69287109375,2546.306396484375,1.267844319343567,1361.2358
2006-06-01,381.77,1769.23,319.66,0.66,2006.0,30594.15234375,8057.69287109375,2546.306396484375,1.267844319343567,1361.2358
2006-07-01,380.05,1764.17,319.63,0.54,2006.0,30594.15234375,8057.69287109375,2546.306396484375,1.267844319343567,1361.2358
2006-08-01,378.46,1767.24,319.68,0.71,2006.0,30594.15234375,8057.69287109375,2546.306396484375,1.267844319343567,1361.2358
2006-09-01,378.65,1774.58,319.82,0.66,2006.0,30594.15234375,8057.69287109375,2546.306396484375,1.267844319343567,1361.2358
2006-10-01,380.12,1778.25,320.0,0.7,2006.0,30594.15234375,8057.69287109375,2546.306396484375,1.267844319343567,1361.2358
2006-11-01,381.46,1779.04,320.16,0.73,2006.0,30594.15234375,8057.69287109375,2546.306396484375,1.267844319343567,1361.2358
2006-12-01,382.41,1779.91,320.27,0.79,2006.0,30594.15234375,8057.69287109375,2546.306396484375,1.267844319343567,1361.2358
2007-01-01,383.03,1779.25,320.36,1.01,2007.0,31499.255859375,8108.33837890625,2612.955810546875,1.28837788105011,1361.1686
2007-02-01,383.54,1778.67,320.38,0.7,2007.0,31499.255859375,8108.33837890625,2612.955810546875,1.28837788105011,1361.1686
2007-03-01,384.0,1780.26,320.28,0.71,2007.0,31499.255859375,8108.33837890625,2612.955810546875,1.28837788105011,1361.1686
2007-04-01,384.27,1781.02,320.18,0.77,2007.0,31499.255859375,8108.33837890625,2612.955810546875,1.28837788105011,1361.1686
2007-05-01,384.12,1779.28,320.22,0.69,2007.0,31499.255859375,8108.33837890625,2612.955810546875,1.28837788105011,1361.1686
2007-06-01,383.26,1775.48,320.24,0.61,2007.0,31499.255859375,8108.33837890625,2612.955810546875,1.28837788105011,1361.1686
2007-07-01,381.55,1772.66,320.18,0.59,2007.0,31499.255859375,8108.33837890625,2612.955810546875,1.28837788105011,1361.1686
2007-08-01,380.3,1777.33,320.22,0.6,2007.0,31499.255859375,8108.33837890625,2612.955810546875,1.28837788105011,1361.1686
2007-09-01,380.69,1785.87,320.46,0.6,2007.0,31499.255859375,8108.33837890625,2612.955810546875,1.28837788105011,1361.1686
2007-10-01,382.11,1789.69,320.73,0.59,2007.0,31499.255859375,8108.33837890625,2612.955810546875,1.28837788105011,1361.1686
2007-11-01,383.45,1789.32,320.95,0.59,2007.0,31499.255859375,8108.33837890625,2612.955810546875,1.28837788105011,1361.1686
2007-12-01,384.46,1788.08,321.16,0.49,2007.0,31499.255859375,8108.33837890625,2612.955810546875,1.28837788105011,1361.1686
2008-01-01,385.23,1786.7,321.33,0.3,2008.0,32049.66015625,8177.43701171875,2582.94921875,1.3092267513275146,1361.1968
2008-02-01,385.74,1785.82,321.39,0.38,2008.0,32049.66015625,8177.43701171875,2582.94921875,1.3092267513275146,1361.1968
2008-03-01,386.15,1786.16,321.38,0.74,2008.0,32049.66015625,8177.43701171875,2582.94921875,1.3092267513275146,1361.1968
2008-04-01,386.53,1786.89,321.39,0.53,2008.0,32049.66015625,8177.43701171875,2582.94921875,1.3092267513275146,1361.1968
2008-05-01,386.49,1785.21,321.43,0.49,2008.0,32049.66015625,8177.43701171875,2582.94921875,1.3092267513275146,1361.1968
2008-06-01,385.58,1780.46,321.45,0.49,2008.0,32049.66015625,8177.43701171875,2582.94921875,1.3092267513275146,1361.1968
2008-07-01,384.1,1777.64,321.42,0.6,2008.0,32049.66015625,8177.43701171875,2582.94921875,1.3092267513275146,1361.1968
2008-08-01,382.77,1781.05,321.4,0.45,2008.0,32049.66015625,8177.43701171875,2582.94921875,1.3092267513275146,1361.1968
2008-09-01,382.54,1787.65,321.49,0.6,2008.0,32049.66015625,8177.43701171875,2582.94921875,1.3092267513275146,1361.1968
2008-10-01,383.67,1793.68,321.65,0.66,2008.0,32049.66015625,8177.43701171875,2582.94921875,1.3092267513275146,1361.1968
2008-11-01,385.18,1797.31,321.8,0.69,2008.0,32049.66015625,8177.43701171875,2582.94921875,1.3092267513275146,1361.1968
2008-12-01,386.27,1796.57,321.98,0.53,2008.0,32049.66015625,8177.43701171875,2582.94921875,1.3092267513275146,1361.1968
2009-01-01,387.03,1795.06,322.21,0.64,2009.0,31513.013671875,8124.25634765625,2552.738037109375,1.3296961784362793,1361.191
2009-02-01,387.48,1795.59,322.34,0.53,2009.0,31513.013671875,8124.25634765625,2552.738037109375,1.3296961784362793,1361.191
2009-03-01,387.71,1795.93,322.27,0.53,2009.0,31513.013671875,8124.25634765625,2552.738037109375,1.3296961784362793,1361.191
2009-04-01,387.99,1795.55,322.1,0.61,2009.0,31513.013671875,8124.25634765625,2552.738037109375,1.3296961784362793,1361.191
2009-05-01,387.95,1792.4,321.98,0.65,2009.0,31513.013671875,8124.25634765625,2552.738037109375,1.3296961784362793,1361.191
2009-06-01,386.96,1786.95,321.95,0.63,2009.0,31513.013671875,8124.25634765625,2552.738037109375,1.3296961784362793,1361.191
2009-07-01,385.01,1785.06,322.02,0.73,2009.0,31513.013671875,8124.25634765625,2552.738037109375,1.3296961784362793,1361.191
2009-08-01,383.63,1788.92,322.15,0.68,2009.0,31513.013671875,8124.25634765625,2552.738037109375,1.3296961784362793,1361.191
2009-09-01,383.93,1794.81,322.3,0.71,2009.0,31513.013671875,8124.25634765625,2552.738037109375,1.3296961784362793,1361.191
2009-10-01,385.49,1798.01,322.51,0.65,2009.0,31513.013671875,8124.25634765625,2552.738037109375,1.3296961784362793,1361.191
2009-11-01,386.94,1797.86,322.71,0.79,2009.0,31513.013671875,8124.25634765625,2552.738037109375,1.3296961784362793,1361.191
2009-12-01,387.84,1796.73,322.84,0.67,2009.0,31513.013671875,8124.25634765625,2552.738037109375,1.3296961784362793,1361.191
2010-01-01,388.62,1797.37,322.91,0.74,2010.0,33317.671875,8257.109375,2617.386962890625,1.3511518239974976,1361.3396
2010-02-01,389.33,1798.96,322.93,0.83,2010.0,33317.671875,8257.109375,2617.386962890625,1.3511518239974976,1361.3396
2010-03-01,389.68,1799.49,322.94,0.92,2010.0,33317.671875,8257.109375,2617.386962890625,1.3511518239974976,1361.3396
2010-04-01,389.98,1799.61,322.97,0.85,2010.0,33317.671875,8257.109375,2617.386962890625,1.3511518239974976,1361.3396
2010-05-01,389.95,1797.63,323.01,0.75,2010.0,33317.671875,8257.109375,2617.386962890625,1.3511518239974976,1361.3396
2010-06-01,389.01,1792.4,323.0,0.67,2010.0,33317.671875,8257.109375,2617.386962890625,1.3511518239974976,1361.3396
2010-07-01,387.35,1789.29,323.02,0.63,2010.0,33317.671875,8257.109375,2617.386962890625,1.3511518239974976,1361.3396
2010-08-01,386.23,1794.0,323.1,0.66,2010.0,33317.671875,8257.109375,2617.386962890625,1.3511518239974976,1361.3396
2010-09-01,386.7,1801.93,323.26,0.62,2010.0,33317.671875,8257.109375,2617.386962890625,1.3511518239974976,1361.3396
2010-10-01,388.25,1806.73,323.51,0.71,2010.0,33317.671875,8257.109375,2617.386962890625,1.3511518239974976,1361.3396
2010-11-01,389.62,1807.07,323.75,0.81,2010.0,33317.671875,8257.109375,2617.386962890625,1.3511518239974976,1361.3396
2010-12-01,390.34,1803.28,323.92,0.45,2010.0,33317.671875,8257.109375,2617.386962890625,1.3511518239974976,1361.3396
2011-01-01,390.85,1799.99,324.03,0.52,2011.0,34479.98828125,8498.2548828125,2703.09326171875,1.373694658279419,1361.6064
2011-02-01,391.29,1800.03,324.07,0.47,2011.0,34479.98828125,8498.2548828125,2703.09326171875,1.373694658279419,1361.6064
2011-03-01,391.66,1801.03,324.07,0.65,2011.0,34479.98828125,8498.2548828125,2703.09326171875,1.373694658279419,1361.6064
2011-04-01,392.05,1802.82,324.06,0.64,2011.0,34479.98828125,8498.2548828125,2703.09326171875,1.373694658279419,1361.6064
2011-05-01,392.08,1803.13,324.05,0.53,2011.0,34479.98828125,8498.2548828125,2703.09326171875,1.373694658279419,1361.6064
2011-06-01,391.14,1798.99,324.05,0.62,2011.0,34479.98828125,8498.2548828125,2703.09326171875,1.373694658279419,1361.6064
2011-07-01,389.2,1796.05,324.05,0.7,2011.0,34479.98828125,8498.2548828125,2703.09326171875,1.373694658279419,1361.6064
2011-08-01,387.87,1798.99,324.1,0.74,2011.0,34479.98828125,8498.2548828125,2703.09326171875,1.373694658279419,1361.6064
2011-09-01,388.27,1804.16,324.24,0.55,2011.0,34479.98828125,8498.2548828125,2703.09326171875,1.373694658279419,1361.6064
2011-10-01,389.83,1809.6,324.45,0.65,2011.0,34479.98828125,8498.2548828125,2703.09326171875,1.373694658279419,1361.6064
2011-11-01,391.19,1812.32,324.64,0.59,2011.0,34479.98828125,8498.2548828125,2703.09326171875,1.373694658279419,1361.6064
2011-12-01,392.02,1810.04,324.77,0.6,2011.0,34479.98828125,8498.2548828125,2703.09326171875,1.373694658279419,1361.6064
2012-01-01,392.61,1807.44,324.9,0.47,2012.0,34954.734375,8568.3916015625,2717.484619140625,1.396727204322815,1361.7682
2012-02-01,393.2,1808.39,324.97,0.48,2012.0,34954.734375,8568.3916015625,2717.484619140625,1.396727204322815,1361.7682
2012-03-01,393.72,1810.05,324.95,0.56,2012.0,34954.734375,8568.3916015625,2717.484619140625,1.396727204322815,1361.7682
2012-04-01,393.99,1808.51,324.92,0.72,2012.0,34954.734375,8568.3916015625,2717.484619140625,1.396727204322815,1361.7682
2012-05-01,393.88,1804.84,324.9,0.78,2012.0,34954.734375,8568.3916015625,2717.484619140625,1.396727204322815,1361.7682
2012-06-01,392.84,1801.04,324.86,0.64,2012.0,34954.734375,8568.3916015625,2717.484619140625,1.396727204322815,1361.7682
2012-07-01,391.0,1799.36,324.87,0.58,2012.0,34954.734375,8568.3916015625,2717.484619140625,1.396727204322815,1361.7682
2012-08-01,389.89,1803.29,324.97,0.65,2012.0,34954.734375,8568.3916015625,2717.484619140625,1.396727204322815,1361.7682
2012-09-01,390.55,1810.16,325.12,0.71,2012.0,34954.734375,8568.3916015625,2717.484619140625,1.396727204322815,1361.7682
2012-10-01,392.16,1814.86,325.28,0.79,2012.0,34954.734375,8568.3916015625,2717.484619140625,1.396727204322815,1361.7682
2012-11-01,393.56,1815.95,325.43,0.78,2012.0,34954.734375,8568.3916015625,2717.484619140625,1.396727204322815,1361.7682
2012-12-01,394.39,1814.56,325.53,0.52,2012.0,34954.734375,8568.3916015625,2717.484619140625,1.396727204322815,1361.7682
2013-01-01,395.07,1814.05,325.58,0.71,2013.0,35275.8203125,8520.59765625,2700.372314453125,1.4196536540985107,1361.813
2013-02-01,395.69,1814.15,325.62,0.61,2013.0,35275.8203125,8520.59765625,2700.372314453125,1.4196536540985107,1361.813
2013-03-01,396.28,1813.25,325.68,0.67,2013.0,35275.8203125,8520.59765625,2700.372314453125,1.4196536540985107,1361.813
2013-04-01,396.74,1812.84,325.74,0.53,2013.0,35275.8203125,8520.59765625,2700.372314453125,1.4196536540985107,1361.813
2013-05-01,396.75,1811.93,325.81,0.6,2013.0,35275.8203125,8520.59765625,2700.372314453125,1.4196536540985107,1361.813
2013-06-01,395.96,1808.59,325.9,0.69,2013.0,35275.8203125,8520.59765625,2700.372314453125,1.4196536540985107,1361.813
2013-07-01,394.48,1805.98,325.96,0.6,2013.0,35275.8203125,8520.59765625,2700.372314453125,1.4196536540985107,1361.813
2013-08-01,393.24,1808.52,325.98,0.7,2013.0,35275.8203125,8520.59765625,2700.372314453125,1.4196536540985107,1361.813
2013-09-01,393.21,1814.24,326.05,0.76,2013.0,35275.8203125,8520.59765625,2700.372314453125,1.4196536540985107,1361.813
2013-10-01,394.5,1818.51,326.2,0.69,2013.0,35275.8203125,8520.59765625,2700.372314453125,1.4196536540985107,1361.813
2013-11-01,395.96,1820.34,326.38,0.83,2013.0,35275.8203125,8520.59765625,2700.372314453125,1.4196536540985107,1361.813
2013-12-01,396.87,1819.32,326.52,0.7,2013.0,35275.8203125,8520.59765625,2700.372314453125,1.4196536540985107,1361.813
2014-01-01,397.51,1816.76,326.61,0.76,2014.0,35465.6953125,8601.7880859375,2733.968017578125,1.4427450895309448,1361.8887
2014-02-01,397.97,1816.27,326.66,0.55,2014.0,35465.6953125,8601.7880859375,2733.968017578125,1.4427450895309448,1361.8887
2014-03-01,398.27,1818.06,326.72,0.78,2014.0,35465.6953125,8601.7880859375,2733.968017578125,1.4427450895309448,1361.8887
2014-04-01,398.63,1820.88,326.79,0.8,2014.0,35465.6953125,8601.7880859375,2733.968017578125,1.4427450895309448,1361.8887
2014-05-01,398.69,1821.95,326.82,0.86,2014.0,35465.6953125,8601.7880859375,2733.968017578125,1.4427450895309448,1361.8887
2014-06-01,397.72,1818.46,326.89,0.67,2014.0,35465.6953125,8601.7880859375,2733.968017578125,1.4427450895309448,1361.8887
2014-07-01,396.13,1815.76,327.03,0.58,2014.0,35465.6953125,8601.7880859375,2733.968017578125,1.4427450895309448,1361.8887
2014-08-01,395.02,1819.88,327.19,0.83,2014.0,35465.6953125,8601.7880859375,2733.968017578125,1.4427450895309448,1361.8887
2014-09-01,395.12,1826.87,327.34,0.87,2014.0,35465.6953125,8601.7880859375,2733.968017578125,1.4427450895309448,1361.8887
2014-10-01,396.38,1831.22,327.52,0.8,2014.0,35465.6953125,8601.7880859375,2733.968017578125,1.4427450895309448,1361.8887
2014-11-01,397.86,1833.0,327.72,0.67,2014.0,35465.6953125,8601.7880859375,2733.968017578125,1.4427450895309448,1361.8887
2014-12-01,398.83,1833.46,327.87,0.78,2014.0,35465.6953125,8601.7880859375,2733.968017578125,1.4427450895309448,1361.8887
2015-01-01,399.56,1833.11,327.98,0.86,2015.0,35403.52734375,8616.3486328125,2741.35595703125,1.4657028913497925,1361.949
2015-02-01,400.12,1832.96,328.04,0.91,2015.0,35403.52734375,8616.3486328125,2741.35595703125,1.4657028913497925,1361.949
2015-03-01,400.57,1833.19,328.04,0.96,2015.0,35403.52734375,8616.3486328125,2741.35595703125,1.4657028913497925,1361.949
2015-04-01,400.96,1833.15,327.98,0.75,2015.0,35403.52734375,8616.3486328125,2741.35595703125,1.4657028913497925,1361.949
2015-05-01,400.91,1831.52,327.93,0.79,2015.0,35403.52734375,8616.3486328125,2741.35595703125,1.4657028913497925,1361.949
2015-06-01,400.06,1827.11,327.95,0.81,2015.0,35403.52734375,8616.3486328125,2741.35595703125,1.4657028913497925,1361.949
2015-07-01,398.38,1824.59,328.03,0.73,2015.0,35403.52734375,8616.3486328125,2741.35595703125,1.4657028913497925,1361.949
2015-08-01,397.07,1828.96,328.12,0.79,2015.0,35403.52734375,8616.3486328125,2741.35595703125,1.4657028913497925,1361.949
2015-09-01,397.34,1836.21,328.24,0.83,2015.0,35403.52734375,8616.3486328125,2741.35595703125,1.4657028913497925,1361.949
2015-10-01,398.8,1841.48,328.42,1.07,2015.0,35403.52734375,8616.3486328125,2741.35595703125,1.4657028913497925,1361.949
2015-11-01,400.36,1844.54,328.61,1.05,2015.0,35403.52734375,8616.3486328125,2741.35595703125,1.4657028913497925,1361.949
2015-12-01,401.66,1844.74,328.77,1.17,2015.0,35403.52734375,8616.3486328125,2741.35595703125,1.4657028913497925,1361.949
2016-01-01,402.61,1842.53,328.87,1.17,2016.0,35392.83203125,8652.8349609375,2759.228515625,1.4880551099777222,1361.4648
2016-02-01,403.24,1841.74,328.9,1.36,2016.0,35392.83203125,8652.8349609375,2759.228515625,1.4880551099777222,1361.4648
2016-03-01,403.82,1843.04,328.88,1.35,2016.0,35392.83203125,8652.8349609375,2759.228515625,1.4880551099777222,1361.4648
2016-04-01,404.34,1843.74,328.88,1.08,2016.0,35392.83203125,8652.8349609375,2759.228515625,1.4880551099777222,1361.4648
2016-05-01,404.41,1842.15,328.91,0.95,2016.0,35392.83203125,8652.8349609375,2759.228515625,1.4880551099777222,1361.4648
2016-06-01,403.63,1837.9,328.91,0.8,2016.0,35392.83203125,8652.8349609375,2759.228515625,1.4880551099777222,1361.4648
2016-07-01,402.11,1834.26,328.84,0.84,2016.0,35392.83203125,8652.8349609375,2759.228515625,1.4880551099777222,1361.4648
2016-08-01,400.8,1836.83,328.78,1.01,2016.0,35392.83203125,8652.8349609375,2759.228515625,1.4880551099777222,1361.4648
2016-09-01,400.97,1844.33,328.86,0.9,2016.0,35392.83203125,8652.8349609375,2759.228515625,1.4880551099777222,1361.4648
2016-10-01,402.41,1849.96,329.05,0.86,2016.0,35392.83203125,8652.8349609375,2759.228515625,1.4880551099777222,1361.4648
2016-11-01,403.78,1851.46,329.23,0.91,2016.0,35392.83203125,8652.8349609375,2759.228515625,1.4880551099777222,1361.4648
2016-12-01,404.68,1851.05,329.36,0.86,2016.0,35392.83203125,8652.8349609375,2759.228515625,1.4880551099777222,1361.4648
2017-01-01,405.32,1849.74,329.47,1.02,2017.0,35974.609375,8797.0166015625,2814.724365234375,1.510999083518982,1361.2914
2017-02-01,405.91,1848.49,329.52,1.13,2017.0,35974.609375,8797.0166015625,2814.724365234375,1.510999083518982,1361.2914
2017-03-01,406.31,1848.24,329.54,1.16,2017.0,35974.609375,8797.0166015625,2814.724365234375,1.510999083518982,1361.2914
2017-04-01,406.6,1848.57,329.53,0.93,2017.0,35974.609375,8797.0166015625,2814.724365234375,1.510999083518982,1361.2914
2017-05-01,406.64,1847.22,329.51,0.91,2017.0,35974.609375,8797.0166015625,2814.724365234375,1.510999083518982,1361.2914
2017-06-01,405.84,1842.89,329.58,0.71,2017.0,35974.609375,8797.0166015625,2814.724365234375,1.510999083518982,1361.2914
2017-07-01,404.1,1840.22,329.7,0.82,2017.0,35974.609375,8797.0166015625,2814.724365234375,1.510999083518982,1361.2914
2017-08-01,402.55,1844.58,329.79,0.87,2017.0,35974.609375,8797.0166015625,2814.724365234375,1.510999083518982,1361.2914
2017-09-01,402.63,1852.76,329.87,0.74,2017.0,35974.609375,8797.0166015625,2814.724365234375,1.510999083518982,1361.2914
2017-10-01,404.15,1858.03,330.01,0.88,2017.0,35974.609375,8797.0166015625,2814.724365234375,1.510999083518982,1361.2914
2017-11-01,405.7,1858.6,330.15,0.87,2017.0,35974.609375,8797.0166015625,2814.724365234375,1.510999083518982,1361.2914
2017-12-01,406.76,1856.59,330.29,0.93,2017.0,35974.609375,8797.0166015625,2814.724365234375,1.510999083518982,1361.2914
2018-01-01,407.53,1854.53,330.45,0.82,2018.0,36734.00390625,8935.4296875,2814.0390625,1.5344849824905396,1361.2625
2018-02-01,408.24,1855.08,330.6,0.84,2018.0,36734.00390625,8935.4296875,2814.0390625,1.5344849824905396,1361.2625
2018-03-01,408.78,1856.97,330.69,0.88,2018.0,36734.00390625,8935.4296875,2814.0390625,1.5344849824905396,1361.2625
2018-04-01,409.08,1856.74,330.71,0.88,2018.0,36734.00390625,8935.4296875,2814.0390625,1.5344849824905396,1361.2625
2018-05-01,408.93,1854.71,330.7,0.81,2018.0,36734.00390625,8935.4296875,2814.0390625,1.5344849824905396,1361.2625
2018-06-01,408.06,1851.85,330.7,0.76,2018.0,36734.00390625,8935.4296875,2814.0390625,1.5344849824905396,1361.2625
2018-07-01,406.49,1849.05,330.75,0.83,2018.0,36734.00390625,8935.4296875,2814.0390625,1.5344849824905396,1361.2625
2018-08-01,405.13,1851.94,330.88,0.78,2018.0,36734.00390625,8935.4296875,2814.0390625,1.5344849824905396,1361.2625
2018-09-01,405.2,1860.46,331.08,0.8,2018.0,36734.00390625,8935.4296875,2814.0390625,1.5344849824905396,1361.2625
2018-10-01,406.66,1865.75,331.29,1.01,2018.0,36734.00390625,8935.4296875,2814.0390625,1.5344849824905396,1361.2625
2018-11-01,408.12,1866.25,331.48,0.83,2018.0,36734.00390625,8935.4296875,2814.0390625,1.5344849824905396,1361.2625
2018-12-01,409.19,1866.02,331.68,0.92,2018.0,36734.00390625,8935.4296875,2814.0390625,1.5344849824905396,1361.2625
2019-01-01,409.93,1865.01,331.78,0.93,2019.0,37086.56640625,9008.44140625,2819.103759765625,1.5582492351531982,1361.2555
2019-02-01,410.35,1865.03,331.75,0.95,2019.0,37086.56640625,9008.44140625,2819.103759765625,1.5582492351531982,1361.2555
2019-03-01,410.9,1866.3,331.66,1.17,2019.0,37086.56640625,9008.44140625,2819.103759765625,1.5582492351531982,1361.2555
2019-04-01,411.35,1865.33,331.62,1.01,2019.0,37086.56640625,9008.44140625,2819.103759765625,1.5582492351531982,1361.2555
2019-05-01,411.36,1861.96,331.64,0.86,2019.0,37086.56640625,9008.44140625,2819.103759765625,1.5582492351531982,1361.2555
2019-06-01,410.54,1858.57,331.73,0.9,2019.0,37086.56640625,9008.44140625,2819.103759765625,1.5582492351531982,1361.2555
2019-07-01,408.88,1857.99,331.84,0.94,2019.0,37086.56640625,9008.44140625,2819.103759765625,1.5582492351531982,1361.2555
2019-08-01,407.64,1862.87,331.88,0.95,2019.0,37086.56640625,9008.44140625,2819.103759765625,1.5582492351531982,1361.2555
2019-09-01,407.93,1870.79,331.93,0.93,2019.0,37086.56640625,9008.44140625,2819.103759765625,1.5582492351531982,1361.2555
2019-10-01,409.44,1875.42,332.08,1.0,2019.0,37086.56640625,9008.44140625,2819.103759765625,1.5582492351531982,1361.2555
2019-11-01,410.87,1875.61,332.26,0.99,2019.0,37086.56640625,9008.44140625,2819.103759765625,1.5582492351531982,1361.2555
2019-12-01,411.76,1874.61,332.4,1.11,2019.0,37086.56640625,9008.44140625,2819.103759765625,1.5582492351531982,1361.2555
2020-01-01,412.43,1872.91,332.5,1.18,2020.0,35158.23046875,8903.3427734375,2852.966796875,1.58075213432312,1361.3228
2020-02-01,412.95,1872.3,332.56,1.24,2020.0,35158.23046875,8903.3427734375,2852.966796875,1.58075213432312,1361.3228
2020-03-01,413.44,1874.37,332.63,1.18,2020.0,35158.23046875,8903.3427734375,2852.966796875,1.58075213432312,1361.3228
2020-04-01,413.86,1875.78,332.71,1.12,2020.0,35158.23046875,8903.3427734375,2852.966796875,1.58075213432312,1361.3228
2020-05-01,413.81,1874.41,332.78,0.99,2020.0,35158.23046875,8903.3427734375,2852.966796875,1.58075213432312,1361.3228
2020-06-01,412.88,1871.97,332.88,0.91,2020.0,35158.23046875,8903.3427734375,2852.966796875,1.58075213432312,1361.3228
2020-07-01,411.17,1871.47,333.02,0.89,2020.0,35158.23046875,8903.3427734375,2852.966796875,1.58075213432312,1361.3228
2020-08-01,409.73,1876.39,333.15,0.86,2020.0,35158.23046875,8903.3427734375,2852.966796875,1.58075213432312,1361.3228
2020-09-01,410.0,1884.56,333.26,0.96,2020.0,35158.23046875,8903.3427734375,2852.966796875,1.58075213432312,1361.3228
2020-10-01,411.66,1889.99,333.42,0.87,2020.0,35158.23046875,8903.3427734375,2852.966796875,1.58075213432312,1361.3228
2020-11-01,413.25,1891.47,333.6,1.08,2020.0,35158.23046875,8903.3427734375,2852.966796875,1.58075213432312,1361.3228
2020-12-01,414.14,1890.97,333.76,0.79,2020.0,35158.23046875,8903.3427734375,2852.966796875,1.58075213432312,1361.3228
2021-01-01,414.73,1888.62,333.88,0.81,2021.0,36866.86328125,9089.302734375,2895.432373046875,1.6045079231262207,1361.4894
2021-02-01,415.2,1886.66,333.96,0.64,2021.0,36866.86328125,9089.302734375,2895.432373046875,1.6045079231262207,1361.4894
2021-03-01,415.49,1887.99,334.01,0.89,2021.0,36866.86328125,9089.302734375,2895.432373046875,1.6045079231262207,1361.4894
2021-04-01,415.81,1890.8,334.06,0.76,2021.0,36866.86328125,9089.302734375,2895.432373046875,1.6045079231262207,1361.4894
2021-05-01,416.01,1891.28,334.1,0.79,2021.0,36866.86328125,9089.302734375,2895.432373046875,1.6045079231262207,1361.4894
2021-06-01,415.2,1888.08,334.12,0.85,2021.0,36866.86328125,9089.302734375,2895.432373046875,1.6045079231262207,1361.4894
2021-07-01,413.45,1885.99,334.15,0.92,2021.0,36866.86328125,9089.302734375,2895.432373046875,1.6045079231262207,1361.4894
2021-08-01,412.15,1892.32,334.23,0.81,2021.0,36866.86328125,9089.302734375,2895.432373046875,1.6045079231262207,1361.4894
2021-09-01,412.38,1902.43,334.41,0.92,2021.0,36866.86328125,9089.302734375,2895.432373046875,1.6045079231262207,1361.4894
2021-10-01,413.83,1907.92,334.63,0.98,2021.0,36866.86328125,9089.302734375,2895.432373046875,1.6045079231262207,1361.4894
2021-11-01,415.58,1909.23,334.85,0.92,2021.0,36866.86328125,9089.302734375,2895.432373046875,1.6045079231262207,1361.4894
2021-12-01,416.6,1907.95,335.05,0.87,2021.0,36866.86328125,9089.302734375,2895.432373046875,1.6045079231262207,1361.4894
2022-01-01,417.18,1906.33,335.22,0.91,2022.0,37527.7734375,9278.5556640625,2881.2294921875,1.629040241241455,1361.9811
2022-02-01,417.64,1906.42,335.31,0.89,2022.0,37527.7734375,9278.5556640625,2881.2294921875,1.629040241241455,1361.9811
2022-03-01,418.16,1907.77,335.38,1.04,2022.0,37527.7734375,9278.5556640625,2881.2294921875,1.629040241241455,1361.9811
2022-04-01,418.58,1908.84,335.43,0.83,2022.0,37527.7734375,9278.5556640625,2881.2294921875,1.629040241241455,1361.9811
2022-05-01,418.45,1907.49,335.45,0.84,2022.0,37527.7734375,9278.5556640625,2881.2294921875,1.629040241241455,1361.9811
2022-06-01,417.42,1904.83,335.47,0.92,2022.0,37527.7734375,9278.5556640625,2881.2294921875,1.629040241241455,1361.9811
2022-07-01,415.66,1904.0,335.54,0.94,2022.0,37527.7734375,9278.5556640625,2881.2294921875,1.629040241241455,1361.9811
2022-08-01,414.39,1908.32,335.63,0.94,2022.0,37527.7734375,9278.5556640625,2881.2294921875,1.629040241241455,1361.9811
2022-09-01,414.62,1915.03,335.75,0.88,2022.0,37527.7734375,9278.5556640625,2881.2294921875,1.629040241241455,1361.9811
2022-10-01,416.14,1919.46,335.92,0.97,2022.0,37527.7734375,9278.5556640625,2881.2294921875,1.629040241241455,1361.9811
2022-11-01,417.84,1922.21,336.12,0.73,2022.0,37527.7734375,9278.5556640625,2881.2294921875,1.629040241241455,1361.9811
2022-12-01,418.91,1922.02,336.29,0.79,2022.0,37527.7734375,9278.5556640625,2881.2294921875,1.629040241241455,1361.9811
2023-01-01,419.37,1919.9,336.41,0.87,2023.0,38094.0390625,9416.9296875,2911.154052734375,1.6536928415298462,1362.4476
2023-02-01,419.65,1918.93,336.49,0.96,2023.0,38094.0390625,9416.9296875,2911.154052734375,1.6536928415298462,1362.4476
2023-03-01,419.98,1918.73,336.53,1.23,2023.0,38094.0390625,9416.9296875,2911.154052734375,1.6536928415298462,1362.4476
2023-04-01,420.49,1919.7,336.54,0.99,2023.0,38094.0390625,9416.9296875,2911.154052734375,1.6536928415298462,1362.4476
2023-05-01,420.57,1919.12,336.54,0.94,2023.0,38094.0390625,9416.9296875,2911.154052734375,1.6536928415298462,1362.4476
2023-06-01,419.58,1915.05,336.56,1.08,2023.0,38094.0390625,9416.9296875,2911.154052734375,1.6536928415298462,1362.4476
2023-07-01,417.92,1912.94,336.6,1.19,2023.0,38094.0390625,9416.9296875,2911.154052734375,1.6536928415298462,1362.4476
2023-08-01,416.78,1916.7,336.65,1.19,2023.0,38094.0390625,9416.9296875,2911.154052734375,1.6536928415298462,1362.4476
2023-09-01,417.18,1924.38,336.73,1.48,2023.0,38094.0390625,9416.9296875,2911.154052734375,1.6536928415298462,1362.4476
2023-10-01,418.84,1930.11,336.89,1.34,2023.0,38094.0390625,9416.9296875,2911.154052734375,1.6536928415298462,1362.4476
2023-11-01,420.4,1931.55,337.09,1.4,2023.0,38094.0390625,9416.9296875,2911.154052734375,1.6536928415298462,1362.4476
2023-12-01,421.5,1931.15,337.3,1.35,2023.0,38094.0390625,9416.9296875,2911.154052734375,1.6536928415298462,1362.4476
2024-01-01,422.21,1928.22,337.46,1.25,2024.0,38598.578125,9498.9140625,2935.778564453125,1.678361177444458,1362.5648
2024-02-01,422.8,1925.73,337.54,1.43,2024.0,38598.578125,9498.9140625,2935.778564453125,1.678361177444458,1362.5648
2024-03-01,423.41,1927.15,337.57,1.39,2024.0,38598.578125,9498.9140625,2935.778564453125,1.678361177444458,1362.5648
2024-04-01,423.88,1928.55,337.6,1.31,2024.0,38598.578125,9498.9140625,2935.778564453125,1.678361177444458,1362.5648
2024-05-01,423.94,1925.56,337.66,1.16,2024.0,38598.578125,9498.9140625,2935.778564453125,1.678361177444458,1362.5648
2024-06-01,423.22,1921.35,337.69,1.24,2024.0,38598.578125,9498.9140625,2935.778564453125,1.678361177444458,1362.5648
2024-07-01,421.6,1920.39,337.66,1.2,2024.0,38598.578125,9498.9140625,2935.778564453125,1.678361177444458,1362.5648
2024-08-01,420.27,1924.85,337.62,1.3,2024.0,38598.578125,9498.9140625,2935.778564453125,1.678361177444458,1362.5648
2024-09-01,420.59,1934.31,337.67,1.23,2024.0,38598.578125,9498.9140625,2935.778564453125,1.678361177444458,1362.5648
2024-10-01,422.34,1940.75,337.85,1.34,2024.0,38598.578125,9498.9140625,2935.778564453125,1.678361177444458,1362.5648
2024-11-01,424.06,1940.0,338.08,1.29,2024.0,38598.578125,9498.9140625,2935.778564453125,1.678361177444458,1362.5648
2024-12-01,425.21,1937.41,338.29,1.26,2024.0,38598.578125,9498.9140625,2935.778564453125,1.678361177444458,1362.5648
2025-01-01,426.04,1935.39,338.44,1.37,2024.0,38598.578125,9498.9140625,2935.778564453125,1.678361177444458,1362.4159
2025-02-01,426.45,1933.83,338.53,1.26,2024.0,38598.578125,9498.9140625,2935.778564453125,1.678361177444458,1362.4159
2025-03-01,426.58,1933.64,338.6,1.37,2024.0,38598.578125,9498.9140625,2935.778564453125,1.678361177444458,1362.4159
2025-04-01,426.93,1934.48,338.64,1.24,2024.0,38598.578125,9498.9140625,2935.778564453125,1.678361177444458,1362.4159
2025-05-01,426.9,1933.03,338.64,1.08,2024.0,38598.578125,9498.9140625,2935.778564453125,1.678361177444458,1362.4159
2025-06-01,425.86,1928.79,338.67,1.06,2024.0,38598.578125,9498.9140625,2935.778564453125,1.678361177444458,1362.4159
2025-07-01,424.22,1926.54,338.77,1.02,2024.0,38598.578125,9498.9140625,2935.778564453125,1.678361177444458,1362.4159
2025-08-01,423.04,1930.61,338.88,1.17,2024.0,38598.578125,9498.9140625,2935.778564453125,1.678361177444458,1362.4159
2025-09-01,423.15,1939.45,338.99,1.25,2024.0,38598.578125,9498.9140625,2935.778564453125,1.678361177444458,1362.4159
2025-10-01,424.72,1946.16,339.21,1.19,2024.0,38598.578125,9498.9140625,2935.778564453125,1.678361177444458,1362.4159
2025-11-01,426.47,1945.85,339.46,1.21,2024.0,38598.578125,9498.9140625,2935.778564453125,1.678361177444458,1362.4159
2025-12-01,427.35,1945.85,339.46,1.07,2024.0,38598.578125,9498.9140625,2935.778564453125,1.678361177444458,1362.4159
